{
  "name": "Image",
  "table": {
    "name": "sample24_image"
  },
  "columns": {
    "id": {
      "type": "int",
      "primary": true,
      "generated": true
    },
    "name": {
      "type": "varchar",
      "nullable": false
    },
    "url": {
      "type": "varchar",
      "nullable": false
    }
  },
  "relations": {
    "post": {
      "target": "Post",
      "type": "many-to-one",
      "cascade": true,
      "inverseSide": "images"
    },
    "secondaryPost": {
      "target": "Post",
      "type": "many-to-one",
      "cascade": true,
      "inverseSide": "secondaryImages"
    }
  }
}
